{
  "tick": 5,
  "n_agents": 46,
  "max_generation": 0,
  "mean_energy": 0.4283603189948536,
  "top_agent_reward": 2.37172794342041
}