{
  "tick": 10,
  "n_agents": 46,
  "max_generation": 0,
  "mean_energy": 0.5020918291382613,
  "top_agent_reward": 4.493702411651611
}