tick,agent_id,generation,meta_accuracy,meta_pattern,meta_active_dims,grammar_weight,grammar_differentiation,grammar_slots,tom_tracked,tom_accuracy,episodic_count,episodic_detail,named_entities,has_goal,goal_progress
100,161,0,0.5437190775622924,oscillating,7,0.14909584895411454,0.7418080816666286,3,2,0.1452753741503922,10,0.9800318197872417,3,False,0.0
100,42,0,0.5547184318170604,oscillating,2,0.036228880676702525,0.8744774274528027,3,3,0.07943298925157746,9,0.9919792463729513,5,False,0.0
100,64,0,0.4792764983642152,oscillating,2,0.1750963458056518,0.8490631133317947,2,3,0.0481333828627335,6,0.993534709695883,2,False,0.0
100,95,0,0.49002580613036617,oscillating,8,0.10469618145298777,0.7444874048233032,2,2,0.07615682928919643,9,0.9811334196924061,2,False,0.0
100,47,0,0.5837654901784924,oscillating,4,0.028923093815980582,0.6714862436056137,3,3,0.0,10,0.9977712900315197,1,False,0.0
