tick,self_model_accuracy,information_integration,counterfactual_sensitivity,agent_id,generation
100,0.6238927659328611,0.1143318671829995,0.43511122251178874,270,0
200,0.8110311174913136,0.2509985577448961,0.15059092047016046,327,0
300,0.8429729968556824,0.007854778096916802,0.558049835726254,596,1
400,0.8857443336363284,0.041515457979960556,0.5608266957059583,596,1
