tick,self_model_accuracy,information_integration,counterfactual_sensitivity,agent_id,generation
100,0.32865416002126735,0.052330427980712156,0.40059670835587846,559,1
200,0.47253716310429367,0.05603288998850678,0.23927594128484103,963,3
300,0.6491699516862023,0.002671819144820048,0.17069525082838985,652,2
400,0.9054167487142978,0.08977527483038919,0.10807723336950861,70,0
