tick,sensor_range_mean,sensor_range_std,sensor_cone_width_mean,sensor_cone_width_std,body_size_mean,body_size_std,max_lifespan_factor_mean,max_lifespan_factor_std,mutation_rate_mean,mutation_rate_std,learning_rate_mean,learning_rate_std,hunger_sensitivity_mean,hunger_sensitivity_std,fear_sensitivity_mean,fear_sensitivity_std,curiosity_sensitivity_mean,curiosity_sensitivity_std,reproduction_threshold_mean,reproduction_threshold_std,stm_capacity_mean,stm_capacity_std,ltm_capacity_mean,ltm_capacity_std
100,4.931234163501174,1.5197856373003362,1.8526688931962025,0.7144129314365618,0.9865258707009554,0.39417860453623094,1.4963382986974636,0.4421663573762253,0.09966023768377688,0.06410642153496354,0.03863598097389489,0.03232243022272526,1.183510909179969,0.5083494830031015,1.0248134400421718,0.48838853665704507,1.0553752201420434,0.5351152436602725,0.6976321126156191,0.11399590638199124,11.555789779426208,3.970169213993649,36.81335162376881,13.841893027923721
200,4.7214523242580855,1.062147064606285,1.5909206379709533,0.589310932037113,0.8111926543074472,0.281183694667318,1.5301782152235601,0.44130865237451755,0.0855786459929068,0.07112417348402081,0.04051867925954909,0.03883117189594617,1.1890209057161398,0.43824345096705425,1.0122632942685619,0.4081448069799379,0.9716813003281624,0.4647352950623692,0.6900113879984029,0.13328149458331334,12.490831189450677,3.913372553402322,36.25074109956646,12.725926922582119
300,4.835187662148793,1.1083419022407084,1.550635655177343,0.5358169887007581,0.8317248347052429,0.28836454364588743,1.5143814545810717,0.4470189423485228,0.08671069140054127,0.07101174572924705,0.041205255486287604,0.03869418878025971,1.18493464045829,0.41203135055368634,1.0530731622925447,0.42579043894818563,0.9710800417206026,0.4499580848922242,0.68667531166138,0.13337727604674485,12.802283156835207,3.66446237539102,34.469078418365754,12.64693439025097
400,4.889034988166478,1.1612559479675089,1.5356521985529836,0.5068235502434693,0.8409274276964318,0.28402941608329013,1.4875167311602537,0.4587443003682042,0.08437438917030753,0.07031737297791125,0.041111555642777624,0.03823082689522218,1.1939553347875764,0.4039896448098105,1.0754101917756251,0.43637835460523555,0.9644911748476606,0.4449846564847703,0.686673450203381,0.13198825941373868,13.029535127139864,3.455923987368064,33.67664511276483,12.665401116947033
