tick,sensor_range_mean,sensor_range_std,sensor_cone_width_mean,sensor_cone_width_std,body_size_mean,body_size_std,max_lifespan_factor_mean,max_lifespan_factor_std,mutation_rate_mean,mutation_rate_std,learning_rate_mean,learning_rate_std,hunger_sensitivity_mean,hunger_sensitivity_std,fear_sensitivity_mean,fear_sensitivity_std,curiosity_sensitivity_mean,curiosity_sensitivity_std,reproduction_threshold_mean,reproduction_threshold_std,stm_capacity_mean,stm_capacity_std,ltm_capacity_mean,ltm_capacity_std
100,5.205635299287979,1.5578500884648945,1.5713395725882195,0.588827589603665,1.1204181810629457,0.4312834375994564,1.1525590383457625,0.4432163568069966,0.0874752751494737,0.06290494016701438,0.045886055692025765,0.03745492821336017,0.9457255357930181,0.5489861658039523,0.9110082557299395,0.49446479085696354,1.0052770840584555,0.5608639181485855,0.6964978721550366,0.1287267261927291,10.059440261534421,2.8700507656883905,39.96924358704569,13.742648153950242
200,5.314474898518733,1.4853674980032892,1.540784333753582,0.5959243091169024,1.1341611127373656,0.4130819305687567,1.223979278585133,0.45152374299324005,0.0801686688540898,0.06440658886784666,0.04571113599679228,0.03877903391718995,0.9972123975359589,0.6180878533837537,0.8497507975611386,0.49175516688671206,1.033861240809665,0.6010204289201491,0.7067267821303288,0.1350168768391393,9.91529984609108,3.1685024375658832,41.44118280006731,13.975997770344817
300,5.361751087733779,1.491280878748492,1.5382195419432918,0.5997857785149696,1.1233601356938565,0.4115122115559563,1.213545046720285,0.4568303154074501,0.08169768235979145,0.0643392750442209,0.04733816339340136,0.03878952489453322,1.0221350819059831,0.6377099076515509,0.8624908469363992,0.49579743320251574,1.0343064599981546,0.6188886683193591,0.7259686273001065,0.13502279267488024,9.763082476022884,3.2342596769223007,41.060440312555464,14.140914675194214
