tick,sensor_range_mean,sensor_range_std,sensor_cone_width_mean,sensor_cone_width_std,body_size_mean,body_size_std,max_lifespan_factor_mean,max_lifespan_factor_std,mutation_rate_mean,mutation_rate_std,learning_rate_mean,learning_rate_std,hunger_sensitivity_mean,hunger_sensitivity_std,fear_sensitivity_mean,fear_sensitivity_std,curiosity_sensitivity_mean,curiosity_sensitivity_std,reproduction_threshold_mean,reproduction_threshold_std,stm_capacity_mean,stm_capacity_std,ltm_capacity_mean,ltm_capacity_std
100,4.187371594415019,1.9094400341197326,2.0138597676907946,0.6876833466669102,1.0889117726627184,0.40455987221922746,1.4977714681155185,0.44335272924197555,0.10741145768908612,0.04366033904968178,0.03977369205333281,0.029364482773237915,0.9528449655977271,0.41304247417093515,1.151194092431948,0.39571360185610016,1.0812346602206317,0.5240721909223178,0.6682455712877253,0.11817279954314397,7.998664058515468,2.9430051434311273,35.74543155335569,14.438695558250817
